{"connection_time": 0.27367496490478516, "create_user_table": 0.40929102897644043, "create_item_table": 0.39548468589782715, "create_user_item_table": 0.3756716251373291, "insert_one_user_with_connection": 0.39606308937072754, "insert_one_user_without_connection": 0.11651873588562012, "insert_1000_users": 49.95366907119751, "insert_1000_items": 49.499844789505005, "insert_5_items_one_users_with_connection": 0.5403916835784912, "insert_5_items_one_users_without_connection": 0.25299501419067383, "insert_5_items_per_users": 67.69103693962097, "query_one_with_connection": 0.3846621513366699, "query_one_without_connection": 0.08300638198852539, "query_users_exception": 1, "query_users": 34.59438920021057}