{"connection_time": 0.2686293125152588, "create_user_table": 0.38868284225463867, "create_item_table": 0.42891502380371094, "create_user_item_table": 0.38346195220947266, "insert_one_user_with_connection": 0.3707747459411621, "insert_one_user_without_connection": 0.10953855514526367, "insert_many_users_exception": 128, "insert_1000_users": 17.73600482940674, "insert_many_items_exception": 30, "insert_1000_items": 13.95342755317688, "insert_5_items_one_users_with_connection": 0.5134463310241699, "insert_5_items_one_users_without_connection": 0.24693059921264648, "insert_5_items_per_users_exception": 46, "insert_5_items_per_users": 17.379762649536133, "query_one_with_connection": 0.36228179931640625, "query_one_without_connection": 0.07486629486083984, "query_users_exception": 136, "query_users": 13.032711267471313}