{"connection_time": 0.2700080871582031, "create_user_table": 0.38990044593811035, "create_item_table": 0.40636348724365234, "create_user_item_table": 0.426405668258667, "insert_one_user_with_connection": 0.38321971893310547, "insert_one_user_without_connection": 0.1115412712097168, "insert_many_users_exception": 99, "insert_1000_users": 36.77256393432617, "insert_many_items_exception": 55, "insert_1000_items": 13.640283346176147, "insert_5_items_one_users_with_connection": 0.5517709255218506, "insert_5_items_one_users_without_connection": 0.260378360748291, "insert_5_items_per_users_exception": 126, "insert_5_items_per_users": 18.241085290908813, "query_users_exception": 136, "query_users": 13.897482872009277}