{"connection_time": 0.2661471366882324, "create_user_table": 0.9512050151824951, "create_item_table": 0.43138980865478516, "create_user_item_table": 0.3814713954925537, "insert_one_user_with_connection": 0.4235565662384033, "insert_one_user_without_connection": 0.11676263809204102, "insert_many_users_exception": 78, "insert_1000_users": 18.047874927520752, "insert_many_items_exception": 74, "insert_1000_items": 15.239636182785034, "insert_5_items_one_users_with_connection": 0.5097601413726807, "insert_5_items_one_users_without_connection": 0.24404573440551758, "insert_5_items_per_users_exception": 45, "insert_5_items_per_users": 18.644482612609863, "query_users_exception": 145, "query_users": 28.351998567581177}